symbol,name
ğŸ˜„,Smiling Face With Open Mouth And Smiling Eyes
ğŸ˜ƒ,Smiling Face With Open Mouth
ğŸ˜€,Grinning Face
ğŸ˜Š,Smiling Face With Smiling Eyes
â˜º,White Smiling Face
ğŸ˜‰,Winking Face
ğŸ˜,Smiling Face With Heart-Shaped Eyes
ğŸ˜˜,Face Throwing A Kiss
ğŸ˜š,Kissing Face With Closed Eyes
ğŸ˜—,Kissing Face
ğŸ˜™,Kissing Face With Smiling Eyes
ğŸ˜œ,Face With Stuck-Out Tongue And Winking Eye
ğŸ˜,Face With Stuck-Out Tongue And Tightly-Closed Eyes
ğŸ˜›,Face With Stuck-Out Tongue
ğŸ˜³,Flushed Face
ğŸ˜,Grinning Face With Smiling Eyes
ğŸ˜”,Pensive Face
ğŸ˜Œ,Relieved Face
ğŸ˜’,Unamused Face
ğŸ˜,Disappointed Face
ğŸ˜£,Persevering Face
ğŸ˜¢,Crying Face
ğŸ˜‚,Face With Tears Of Joy
ğŸ˜­,Loudly Crying Face
ğŸ˜ª,Sleepy Face
ğŸ˜¥,Disappointed But Relieved Face
ğŸ˜°,Face With Open Mouth And Cold Sweat
ğŸ˜…,Smiling Face With Open Mouth And Cold Sweat
ğŸ˜“,Face With Cold Sweat
ğŸ˜©,Weary Face
ğŸ˜«,Tired Face
ğŸ˜¨,Fearful Face
ğŸ˜±,Face Screaming In Fear
ğŸ˜ ,Angry Face
ğŸ˜¡,Pouting Face
ğŸ˜¤,Face With Look Of Triumph
ğŸ˜–,Confounded Face
ğŸ˜†,Smiling Face With Open Mouth And Tightly-Closed Eyes
ğŸ˜‹,Face Savouring Delicious Food
ğŸ˜·,Face With Medical Mask
ğŸ˜,Smiling Face With Sunglasses
ğŸ˜´,Sleeping Face
ğŸ˜µ,Dizzy Face
ğŸ˜²,Astonished Face
ğŸ˜Ÿ,Worried Face
ğŸ˜¦,Frowning Face With Open Mouth
ğŸ˜§,Anguished Face
ğŸ˜ˆ,Smiling Face With Horns
ğŸ‘¿,Imp
ğŸ˜®,Face With Open Mouth
ğŸ˜¬,Grimacing Face
ğŸ˜,Neutral Face
ğŸ˜•,Confused Face
ğŸ˜¯,Hushed Face
ğŸ˜¶,Face Without Mouth
ğŸ˜‡,Smiling Face With Halo
ğŸ˜,Smirking Face
ğŸ˜‘,Expressionless Face
ğŸ‘²,Man With Gua Pi Mao
ğŸ‘³,Man With Turban
ğŸ‘®,Police Officer
ğŸ‘·,Construction Worker
ğŸ’‚,Guardsman
ğŸ‘¶,Baby
ğŸ‘¦,Boy
ğŸ‘§,Girl
ğŸ‘¨,Man
ğŸ‘©,Woman
ğŸ‘´,Older Man
ğŸ‘µ,Older Woman
ğŸ‘±,Person With Blond Hair
ğŸ‘¼,Baby Angel
ğŸ‘¸,Princess
ğŸ˜º,Smiling Cat Face With Open Mouth
ğŸ˜¸,Grinning Cat Face With Smiling Eyes
ğŸ˜»,Smiling Cat Face With Heart-Shaped Eyes
ğŸ˜½,Kissing Cat Face With Closed Eyes
ğŸ˜¼,Cat Face With Wry Smile
ğŸ™€,Weary Cat Face
ğŸ˜¿,Crying Cat Face
ğŸ˜¹,Cat Face With Tears Of Joy
ğŸ˜¾,Pouting Cat Face
ğŸŒ±,Seedling
ğŸŒ²,Evergreen Tree
ğŸŒ³,Deciduous Tree
ğŸŒ´,Palm Tree
ğŸŒµ,Cactus
ğŸŒ·,Tulip
ğŸŒ¸,Cherry Blossom
ğŸŒ¹,Rose
ğŸŒº,Hibiscus
ğŸŒ»,Sunflower
ğŸŒ¼,Blossom
ğŸ’,Bouquet
ğŸŒ¾,Ear Of Rice
ğŸŒ¿,Herb
ğŸ€,Four Leaf Clover
ğŸ,Maple Leaf
ğŸ‚,Fallen Leaf
ğŸƒ,Leaf Fluttering In Wind
ğŸ„,Mushroom
ğŸŒ°,Chestnut
ğŸ€,Rat
ğŸ,Mouse
ğŸ­,Mouse Face
ğŸ¹,Hamster Face
ğŸ‚,Ox
ğŸƒ,Water Buffalo
ğŸ„,Cow
ğŸ®,Cow Face
ğŸ…,Tiger
ğŸ†,Leopard
ğŸ¯,Tiger Face
ğŸ‡,Rabbit
ğŸ°,Rabbit Face
ğŸˆ,Cat
ğŸ±,Cat Face
ğŸ,Horse
ğŸ´,Horse Face
ğŸ,Ram
ğŸ‘,Sheep
ğŸ,Goat
ğŸ“,Rooster
ğŸ”,Chicken
ğŸ¤,Baby Chick
ğŸ£,Hatching Chick
ğŸ¥,Front-Facing Baby Chick
ğŸ¦,Bird
ğŸ§,Penguin
ğŸ˜,Elephant
ğŸª,Dromedary Camel
ğŸ«,Bactrian Camel
ğŸ—,Boar
ğŸ–,Pig
ğŸ·,Pig Face
ğŸ½,Pig Nose
ğŸ•,Dog
ğŸ©,Poodle
ğŸ¶,Dog Face
ğŸº,Wolf Face
ğŸ»,Bear Face
ğŸ¨,Koala
ğŸ¼,Panda Face
ğŸµ,Monkey Face
ğŸ™ˆ,See-No-Evil Monkey
ğŸ™‰,Hear-No-Evil Monkey
ğŸ™Š,Speak-No-Evil Monkey
ğŸ’,Monkey
ğŸ‰,Dragon
ğŸ²,Dragon Face
ğŸŠ,Crocodile
ğŸ,Snake
ğŸ¢,Turtle
ğŸ¸,Frog Face
ğŸ‹,Whale
ğŸ³,Spouting Whale
ğŸ¬,Dolphin
ğŸ™,Octopus
ğŸŸ,Fish
ğŸ ,Tropical Fish
ğŸ¡,Blowfish
ğŸš,Spiral Shell
ğŸŒ,Snail
ğŸ›,Bug
ğŸœ,Ant
ğŸ,Honeybee
ğŸ,Lady Beetle
ğŸ¾,Paw Prints
âš¡ï¸,High Voltage Sign
ğŸ”¥,Fire
ğŸŒ™,Crescent Moon
â˜€ï¸,Black Sun With Rays
â›…,Sun Behind Cloud
â˜ï¸,Cloud
ğŸ’§,Droplet
ğŸ’¦,Splashing Sweat Symbol
â˜”ï¸,Umbrella With Rain Drops
ğŸ’¨,Dash Symbol
â„ï¸,Snowflake
ğŸŒŸ,Glowing Star
â­,White Medium Star
ğŸŒ ,Shooting Star
ğŸŒ„,Sunrise Over Mountains
ğŸŒ…,Sunrise
ğŸŒˆ,Rainbow
ğŸŒŠ,Water Wave
ğŸŒ‹,Volcano
ğŸŒŒ,Milky Way
ğŸ—»,Mount Fuji
ğŸ—¾,Silhouette Of Japan
ğŸŒ,Globe With Meridians
ğŸŒ,Earth Globe Europe-Africa
ğŸŒ,Earth Globe Americas
ğŸŒ,Earth Globe Asia-Australia
ğŸŒ‘,New Moon Symbol
ğŸŒ’,Waxing Crescent Moon Symbol
ğŸŒ“,First Quarter Moon Symbol
ğŸŒ”,Waxing Gibbous Moon Symbol
ğŸŒ•,Full Moon Symbol
ğŸŒ–,Waning Gibbous Moon Symbol
ğŸŒ—,Last Quarter Moon Symbol
ğŸŒ˜,Waning Crescent Moon Symbol
ğŸŒš,New Moon With Face
ğŸŒ,Full Moon With Face
ğŸŒ›,First Quarter Moon With Face
ğŸŒœ,Last Quarter Moon With Face
ğŸŒ,Sun With Face
ğŸ…,Tomato
ğŸ†,Aubergine
ğŸŒ½,Ear Of Maize
ğŸ ,Roasted Sweet Potato
ğŸ‡,Grapes
ğŸˆ,Melon
ğŸ‰,Watermelon
ğŸŠ,Tangerine
ğŸ‹,Lemon
ğŸŒ,Banana
ğŸ,Pineapple
ğŸ,Red Apple
ğŸ,Green Apple
ğŸ,Pear
ğŸ‘,Peach
ğŸ’,Cherries
ğŸ“,Strawberry
ğŸ”,Hamburger
ğŸ•,Slice Of Pizza
ğŸ–,Meat On Bone
ğŸ—,Poultry Leg
ğŸ˜,Rice Cracker
ğŸ™,Rice Ball
ğŸš,Cooked Rice
ğŸ›,Curry And Rice
ğŸœ,Steaming Bowl
ğŸ,Spaghetti
ğŸ,Bread
ğŸŸ,French Fries
ğŸ¡,Dango
ğŸ¢,Oden
ğŸ£,Sushi
ğŸ¤,Fried Shrimp
ğŸ¥,Fish Cake With Swirl Design
ğŸ¦,Soft Ice Cream
ğŸ§,Shaved Ice
ğŸ¨,Ice Cream
ğŸ©,Doughnut
ğŸª,Cookie
ğŸ«,Chocolate Bar
ğŸ¬,Candy
ğŸ­,Lollipop
ğŸ®,Custard
ğŸ¯,Honey Pot
ğŸ°,Shortcake
ğŸ±,Bento Box
ğŸ²,Pot Of Food
ğŸ³,Cooking
ğŸ´,Fork And Knife
ğŸµ,Teacup Without Handle
â˜•ï¸,Hot Beverage
ğŸ¶,Sake Bottle And Cup
ğŸ·,Wine Glass
ğŸ¸,Cocktail Glass
ğŸ¹,Tropical Drink
ğŸº,Beer Mug
ğŸ»,Clinking Beer Mugs
ğŸ¼,Baby Bottle
ğŸ€,Ribbon
ğŸ,Wrapped Present
ğŸ‚,Birthday Cake
ğŸƒ,Jack-O-Lantern
ğŸ„,Christmas Tree
ğŸ‹,Tanabata Tree
ğŸ,Pine Decoration
ğŸ‘,Moon Viewing Ceremony
ğŸ†,Fireworks
ğŸ‡,Firework Sparkler
ğŸ‰,Party Popper
ğŸŠ,Confetti Ball
ğŸˆ,Balloon
ğŸ’«,Dizzy Symbol
âœ¨,Sparkles
ğŸ’¥,Collision Symbol
ğŸ“,Graduation Cap
ğŸ‘‘,Crown
ğŸ,Japanese Dolls
ğŸ,Carp Streamer
ğŸ,Wind Chime
ğŸŒ,Crossed Flags
ğŸ®,Izakaya Lantern
ğŸ’,Ring
â¤ï¸ï¸,Heavy Black Heart
ğŸ’”,Broken Heart
ğŸ’Œ,Love Letter
ğŸ’•,Two Hearts
ğŸ’,Revolving Hearts
ğŸ’“,Beating Heart
ğŸ’—,Growing Heart
ğŸ’–,Sparkling Heart
ğŸ’˜,Heart With Arrow
ğŸ’,Heart With Ribbon
ğŸ’Ÿ,Heart Decoration
ğŸ’œ,Purple Heart
ğŸ’›,Yellow Heart
ğŸ’š,Green Heart
ğŸ’™,Blue Heart
ğŸƒ,Runner
ğŸš¶,Pedestrian
ğŸ’ƒ,Dancer
ğŸš£,Rowboat
ğŸŠ,Swimmer
ğŸ„,Surfer
ğŸ›€,Bath
ğŸ‚,Snowboarder
ğŸ¿,Ski And Ski Boot
â›„,Snowman Without Snow
ğŸš´,Bicyclist
ğŸšµ,Mountain Bicyclist
ğŸ‡,Horse Racing
â›º,Tent
ğŸ£,Fishing Pole And Fish
âš½,Soccer Ball
ğŸ€,Basketball And Hoop
ğŸˆ,American Football
âš¾ï¸,Baseball
ğŸ¾,Tennis Racquet And Ball
ğŸ‰,Rugby Football
â›³,Flag In Hole
ğŸ†,Trophy
ğŸ½,Running Shirt With Sash
ğŸ,Chequered Flag
ğŸ¹,Musical Keyboard
ğŸ¸,Guitar
ğŸ»,Violin
ğŸ·,Saxophone
ğŸº,Trumpet
ğŸµ,Musical Note
ğŸ¶,Multiple Musical Notes
ğŸ¼,Musical Score
ğŸ§,Headphone
ğŸ¤,Microphone
ğŸ­,Performing Arts
ğŸ«,Ticket
ğŸ©,Top Hat
ğŸª,Circus Tent
ğŸ¬,Clapper Board
ğŸ¨,Artist Palette
ğŸ¯,Direct Hit
ğŸ±,Billiards
ğŸ³,Bowling
ğŸ°,Slot Machine
ğŸ²,Game Die
ğŸ®,Video Game
ğŸ´,Flower Playing Cards
ğŸƒ,Playing Card Black Joker
ğŸ€„,Mahjong Tile Red Dragon
ğŸ ,Carousel Horse
ğŸ¡,Ferris Wheel
ğŸ¢,Roller Coaster
ğŸšƒ,Railway Car
ğŸš,Mountain Railway
ğŸš‚,Steam Locomotive
ğŸš‹,Tram Car
ğŸš,Monorail
ğŸš„,High-Speed Train
ğŸš…,High-Speed Train With Bullet Nose
ğŸš†,Train
ğŸš‡,Metro
ğŸšˆ,Light Rail
ğŸš‰,Station
ğŸšŠ,Tram
ğŸšŒ,Bus
ğŸš,Oncoming Bus
ğŸš,Trolleybus
ğŸš,Minibus
ğŸš‘,Ambulance
ğŸš’,Fire Engine
ğŸš“,Police Car
ğŸš”,Oncoming Police Car
ğŸš¨,Police Cars Revolving Light
ğŸš•,Taxi
ğŸš–,Oncoming Taxi
ğŸš—,Automobile
ğŸš˜,Oncoming Automobile
ğŸš™,Recreational Vehicle
ğŸšš,Delivery Truck
ğŸš›,Articulated Lorry
ğŸšœ,Tractor
ğŸš²,Bicycle
ğŸš,Bus Stop
â›½,Fuel Pump
ğŸš§,Construction Sign
ğŸš¦,Vertical Traffic Light
ğŸš¥,Horizontal Traffic Light
ğŸš€,Rocket
ğŸš,Helicopter
âœˆï¸,Airplane
ğŸ’º,Seat
âš“,Anchor
ğŸš¢,Ship
ğŸš¤,Speedboat
â›µ,Sailboat
ğŸš¡,Aerial Tramway
ğŸš ,Mountain Cableway
ğŸšŸ,Suspension Railway
ğŸ›‚,Passport Control
ğŸ›ƒ,Customs
ğŸ›„,Baggage Claim
ğŸ›…,Left Luggage
ğŸ’´,Banknote With Yen Sign
ğŸ’¶,Banknote With Euro Sign
ğŸ’·,Banknote With Pound Sign
ğŸ’µ,Banknote With Dollar Sign
ğŸ—½,Statue Of Liberty
ğŸ—¿,Moyai
ğŸŒ,Foggy
ğŸ—¼,Tokyo Tower
â›²,Fountain
ğŸ°,European Castle
ğŸ¯,Japanese Castle
ğŸŒ‡,Sunset Over Buildings
ğŸŒ†,Cityscape At Dusk
ğŸŒƒ,Night With Stars
ğŸŒ‰,Bridge At Night
ğŸ ,House Building
ğŸ¡,House With Garden
ğŸ¢,Office Building
ğŸ¬,Department Store
ğŸ­,Factory
ğŸ£,Japanese Post Office
ğŸ¤,European Post Office
ğŸ¥,Hospital
ğŸ¦,Bank
ğŸ¨,Hotel
ğŸ©,Love Hotel
ğŸ’’,Wedding
â›ª,Church
ğŸª,Convenience Store
ğŸ«,School
ğŸ‡¦ğŸ‡º,Flag For Australia
ğŸ‡¦ğŸ‡¹,Flag For Austria
ğŸ‡§ğŸ‡ª,Flag For Belgium
ğŸ‡§ğŸ‡·,Flag For Brazil
ğŸ‡¨ğŸ‡¦,Flag For Canada
ğŸ‡¨ğŸ‡±,Flag For Chile
ğŸ‡¨ğŸ‡³,Flag For China
ğŸ‡¨ğŸ‡´,Flag For Colombia
ğŸ‡©ğŸ‡°,Flag For Denmark
ğŸ‡«ğŸ‡®,Flag For Finland
ğŸ‡«ğŸ‡·,Flag For France
ğŸ‡©ğŸ‡ª,Flag For Germany
ğŸ‡­ğŸ‡°,Flag For Hong Kong
ğŸ‡®ğŸ‡³,Flag For India
ğŸ‡®ğŸ‡©,Flag For Indonesia
ğŸ‡®ğŸ‡ª,Flag For Ireland
ğŸ‡®ğŸ‡±,Flag For Israel
ğŸ‡®ğŸ‡¹,Flag For Italy
ğŸ‡¯ğŸ‡µ,Flag For Japan
ğŸ‡°ğŸ‡·,Flag For South Korea
ğŸ‡²ğŸ‡´,Flag For Macau
ğŸ‡²ğŸ‡¾,Flag For Malaysia
ğŸ‡²ğŸ‡½,Flag For Mexico
ğŸ‡³ğŸ‡±,Flag For Netherlands
ğŸ‡³ğŸ‡¿,Flag For New Zealand
ğŸ‡³ğŸ‡´,Flag For Norway
ğŸ‡µğŸ‡­,Flag For Philippines
ğŸ‡µğŸ‡±,Flag For Poland
ğŸ‡µğŸ‡¹,Flag For Portugal
ğŸ‡µğŸ‡·,Flag For Puerto Rico
ğŸ‡·ğŸ‡º,Flag For Russia
ğŸ‡¸ğŸ‡¦,Flag For Saudi Arabia
ğŸ‡¸ğŸ‡¬,Flag For Singapore
ğŸ‡¿ğŸ‡¦,Flag For South Africa
ğŸ‡ªğŸ‡¸,Flag For Spain
ğŸ‡¸ğŸ‡ª,Flag For Sweden
ğŸ‡¨ğŸ‡­,Flag For Switzerland
ğŸ‡¹ğŸ‡·,Flag For Turkey
ğŸ‡¬ğŸ‡§,Flag For United Kingdom
ğŸ‡ºğŸ‡¸,Flag For USA
ğŸ‡¦ğŸ‡ª,Flag For United Arab Emirates
ğŸ‡»ğŸ‡³,Flag For Vietnam
âŒš,Watch
ğŸ“±,Mobile Phone
ğŸ“²,Mobile Phone With Rightwards Arrow At Left
ğŸ’»,Personal Computer
â°,Alarm Clock
â³,Hourglass With Flowing Sand
âŒ›,Hourglass
ğŸ“·,Camera
ğŸ“¹,Video Camera
ğŸ¥,Movie Camera
ğŸ“º,Television
ğŸ“»,Radio
ğŸ“Ÿ,Pager
ğŸ“,Telephone Receiver
â˜ï¸,Black Telephone
ğŸ“ ,Fax Machine
ğŸ’½,Minidisc
ğŸ’¾,Floppy Disk
ğŸ’¿,Optical Disc
ğŸ“€,DVD
ğŸ“¼,Videocassette
ğŸ”‹,Battery
ğŸ”Œ,Electric Plug
ğŸ’¡,Electric Light Bulb
ğŸ”¦,Electric Torch
ğŸ“¡,Satellite Antenna
ğŸ’³,Credit Card
ğŸ’¸,Money With Wings
ğŸ’°,Money Bag
ğŸ’,Gem Stone
ğŸŒ‚,Closed Umbrella
ğŸ‘,Pouch
ğŸ‘›,Purse
ğŸ‘œ,Handbag
ğŸ’¼,Briefcase
ğŸ’,School Satchel
ğŸ’„,Lipstick
ğŸ‘“,Eyeglasses
ğŸ‘’,Womans Hat
ğŸ‘¡,Womans Sandal
ğŸ‘ ,High-Heeled Shoe
ğŸ‘¢,Womans Boots
ğŸ‘,Mans Shoe
ğŸ‘Ÿ,Athletic Shoe
ğŸ‘™,Bikini
ğŸ‘—,Dress
ğŸ‘˜,Kimono
ğŸ‘š,Womans Clothes
ğŸ‘•,T-Shirt
ğŸ‘”,Necktie
ğŸ‘–,Jeans
ğŸšª,Door
ğŸš¿,Shower
ğŸ›,Bathtub
ğŸš½,Toilet
ğŸ’ˆ,Barber Pole
ğŸ’‰,Syringe
ğŸ’Š,Pill
ğŸ”¬,Microscope
ğŸ”­,Telescope
ğŸ”®,Crystal Ball
ğŸ”§,Wrench
ğŸ”ª,Hocho
ğŸ”©,Nut And Bolt
ğŸ”¨,Hammer
ğŸ’£,Bomb
ğŸš¬,Smoking Symbol
ğŸ”«,Pistol
ğŸ”–,Bookmark
ğŸ“°,Newspaper
ğŸ”‘,Key
âœ‰ï¸,Envelope
ğŸ“©,Envelope With Downwards Arrow Above
ğŸ“¨,Incoming Envelope
ğŸ“§,E-Mail Symbol
ğŸ“¥,Inbox Tray
ğŸ“¤,Outbox Tray
ğŸ“¦,Package
ğŸ“¯,Postal Horn
ğŸ“®,Postbox
ğŸ“ª,Closed Mailbox With Lowered Flag
ğŸ“«,Closed Mailbox With Raised Flag
ğŸ“¬,Open Mailbox With Raised Flag
ğŸ“­,Open Mailbox With Lowered Flag
ğŸ“„,Page Facing Up
ğŸ“ƒ,Page With Curl
ğŸ“‘,Bookmark Tabs
ğŸ“ˆ,Chart With Upwards Trend
ğŸ“‰,Chart With Downwards Trend
ğŸ“Š,Bar Chart
ğŸ“…,Calendar
ğŸ“†,Tear-Off Calendar
ğŸ”…,Low Brightness Symbol
ğŸ”†,High Brightness Symbol
ğŸ“œ,Scroll
ğŸ“‹,Clipboard
ğŸ“–,Open Book
ğŸ““,Notebook
ğŸ“”,Notebook With Decorative Cover
ğŸ“’,Ledger
ğŸ“•,Closed Book
ğŸ“—,Green Book
ğŸ“˜,Blue Book
ğŸ“™,Orange Book
ğŸ“š,Books
ğŸ“‡,Card Index
ğŸ”—,Link Symbol
ğŸ“,Paperclip
ğŸ“Œ,Pushpin
âœ‚ï¸,Black Scissors
ğŸ“,Triangular Ruler
ğŸ“,Round Pushpin
ğŸ“,Straight Ruler
ğŸš©,Triangular Flag On Post
ğŸ“,File Folder
ğŸ“‚,Open File Folder
âœ’ï¸,Black Nib
âœï¸,Pencil
ğŸ“,Memo
ğŸ”,Lock With Ink Pen
ğŸ”,Closed Lock With Key
ğŸ”’,Lock
ğŸ”“,Open Lock
ğŸ“£,Cheering Megaphone
ğŸ“¢,Public Address Loudspeaker
ğŸ”ˆ,Speaker
ğŸ”‰,Speaker With One Sound Wave
ğŸ”Š,Speaker With Three Sound Waves
ğŸ”‡,Speaker With Cancellation Stroke
ğŸ’¤,Sleeping Symbol
ğŸ””,Bell
ğŸ”•,Bell With Cancellation Stroke
ğŸ’­,Thought Balloon
ğŸ’¬,Speech Balloon
ğŸš¸,Children Crossing
ğŸ”,Left-Pointing Magnifying Glass
ğŸ”,Right-Pointing Magnifying Glass
ğŸš«,No Entry Sign
â›”,No Entry
ğŸ“›,Name Badge
ğŸš·,No Pedestrians
ğŸš¯,Do Not Litter Symbol
ğŸš³,No Bicycles
ğŸš±,Non-Potable Water Symbol
ğŸ“µ,No Mobile Phones
ğŸ”,No One Under Eighteen Symbol
ğŸ‰‘,Circled Ideograph Accept
ğŸ‰,Circled Ideograph Advantage
ğŸ’®,White Flower
ãŠ™ï¸,Circled Ideograph Secret
ãŠ—ï¸,Circled Ideograph Congratulation
ğŸˆ´,Squared CJK Unified Ideograph-5408
ğŸˆµ,Squared CJK Unified Ideograph-6E80
ğŸˆ²,Squared CJK Unified Ideograph-7981
ğŸˆ¶,Squared CJK Unified Ideograph-6709
ğŸˆš,Squared CJK Unified Ideograph-7121
ğŸˆ¸,Squared CJK Unified Ideograph-7533
ğŸˆº,Squared CJK Unified Ideograph-55B6
ğŸˆ·,Squared CJK Unified Ideograph-6708
ğŸˆ¹,Squared CJK Unified Ideograph-5272
ğŸˆ³,Squared CJK Unified Ideograph-7A7A
ğŸˆ‚,Squared Katakana Sa
ğŸˆ,Squared Katakana Koko
ğŸˆ¯,Squared CJK Unified Ideograph-6307
ğŸ’¹,Chart With Upwards Trend And Yen Sign
â‡ï¸,Sparkle
âœ³ï¸,Eight Spoked Asterisk
â,Negative Squared Cross Mark
âœ…,White Heavy Check Mark
âœ´ï¸,Eight Pointed Black Star
ğŸ“³,Vibration Mode
ğŸ“´,Mobile Phone Off
ğŸ†š,Squared VS
ğŸ…°,Negative Squared Latin Capital Letter A
ğŸ…±,Negative Squared Latin Capital Letter B
ğŸ†,Negative Squared AB
ğŸ†‘,Squared CL
ğŸ…¾,Negative Squared Latin Capital Letter O
ğŸ†˜,Squared SOS
ğŸ†”,Squared ID
ğŸ…¿ï¸,Negative Squared Latin Capital Letter P
ğŸš¾,Water Closet
ğŸ†’,Squared Cool
ğŸ†“,Squared Free
ğŸ†•,Squared New
ğŸ†–,Squared NG
ğŸ†—,Squared OK
ğŸ†™,Squared Up With Exclamation Mark
ğŸ§,Automated Teller Machine
â™ˆ,Aries
â™‰,Taurus
â™Š,Gemini
â™‹,Cancer
â™Œ,Leo
â™,Virgo
â™,Libra
â™,Scorpius
â™,Sagittarius
â™‘,Capricorn
â™’,Aquarius
â™“,Pisces
ğŸš»,Restroom
ğŸš¹,Mens Symbol
ğŸšº,Womens Symbol
ğŸš¼,Baby Symbol
â™¿,Wheelchair Symbol
ğŸš°,Potable Water Symbol
ğŸš­,No Smoking Symbol
ğŸš®,Put Litter In Its Place Symbol
â–¶ï¸,Black Right-Pointing Triangle
â—€ï¸,Black Left-Pointing Triangle
ğŸ”¼,Up-Pointing Small Red Triangle
ğŸ”½,Down-Pointing Small Red Triangle
â©,Black Right-Pointing Double Triangle
âª,Black Left-Pointing Double Triangle
â«,Black Up-Pointing Double Triangle
â¬,Black Down-Pointing Double Triangle
â¡ï¸,Black Rightwards Arrow
â¬…ï¸,Leftwards Black Arrow
â¬†ï¸,Upwards Black Arrow
â¬‡ï¸,Downwards Black Arrow
â†—ï¸,North East Arrow
â†˜ï¸,South East Arrow
â†™ï¸,South West Arrow
â†–ï¸,North West Arrow
â†•ï¸,Up Down Arrow
â†”ï¸,Left Right Arrow
ğŸ”„,Anticlockwise Downwards And Upwards Open Circle Arrows
â†ªï¸,Rightwards Arrow With Hook
â†©ï¸,Leftwards Arrow With Hook
â¤´ï¸,Arrow Pointing Rightwards Then Curving Upwards
â¤µï¸,Arrow Pointing Rightwards Then Curving Downwards
ğŸ”€,Twisted Rightwards Arrows
ğŸ”,Clockwise Rightwards And Leftwards Open Circle Arrows
ğŸ”‚,Clockwise Rightwards And Leftwards Open Circle Arrows With Circled One Overlay
#ï¸âƒ£,Hash Key
0ï¸âƒ£,Keycap 0
1ï¸âƒ£,Keycap 1
2ï¸âƒ£,Keycap 2
3ï¸âƒ£,Keycap 3
4ï¸âƒ£,Keycap 4
5ï¸âƒ£,Keycap 5
6ï¸âƒ£,Keycap 6
7ï¸âƒ£,Keycap 7
8ï¸âƒ£,Keycap 8
9ï¸âƒ£,Keycap 9
ğŸ”Ÿ,Keycap Ten
ğŸ”¢,Input Symbol For Numbers
ğŸ”¤,Input Symbol For Latin Letters
ğŸ”¡,Input Symbol For Latin Small Letters
ğŸ” ,Input Symbol For Latin Capital Letters
â„¹ï¸,Information Source
ğŸ“¶,Antenna With Bars
ğŸ¦,Cinema
ğŸ”£,Input Symbol For Symbols
â•,Heavy Plus Sign
â–,Heavy Minus Sign
ã€°,Wavy Dash
â—,Heavy Division Sign
âœ–,Heavy Multiplication X
âœ”,Heavy Check Mark
ğŸ”ƒ,Clockwise Downwards And Upwards Open Circle Arrows
â„¢,Trade Mark Sign
Â©,Copyright Sign
Â®,Registered Sign
ğŸ’±,Currency Exchange
ğŸ’²,Heavy Dollar Sign
â°,Curly Loop
â¿,Double Curly Loop
ã€½ï¸,Part Alternation Mark
â—,Heavy Exclamation Mark Symbol
â“,Black Question Mark Ornament
â•,White Exclamation Mark Ornament
â”,White Question Mark Ornament
â€¼ï¸,Double Exclamation Mark
â‰ï¸,Exclamation Question Mark
âŒ,Cross Mark
â­•,Heavy Large Circle
ğŸ’¯,Hundred Points Symbol
ğŸ”š,End With Leftwards Arrow Above
ğŸ”™,Back With Leftwards Arrow Above
ğŸ”›,On With Exclamation Mark With Left Right Arrow Above
ğŸ”,Top With Upwards Arrow Above
ğŸ”œ,Soon With Rightwards Arrow Above
ğŸŒ€,Cyclone
â“‚ï¸,Circled Latin Capital Letter M
â›,Ophiuchus
ğŸ”¯,Six Pointed Star With Middle Dot
ğŸ”°,Japanese Symbol For Beginner
ğŸ”±,Trident Emblem
âš ï¸,Warning Sign
â™¨ï¸,Hot Springs
â™»ï¸,Black Universal Recycling Symbol
ğŸ’¢,Anger Symbol
ğŸ’ ,Diamond Shape With A Dot Inside
â™ ï¸,Black Spade Suit
â™¥ï¸,Black Heart Suit
â™£ï¸,Black Club Suit
â™¦ï¸,Black Diamond Suit
â˜‘ï¸,Ballot Box With Check
âšª,Medium White Circle
âš«,Medium Black Circle
ğŸ”˜,Radio Button
ğŸ”´,Large Red Circle
ğŸ”µ,Large Blue Circle
ğŸ”º,Up-Pointing Red Triangle
ğŸ”»,Down-Pointing Red Triangle
ğŸ”¸,Small Orange Diamond
ğŸ”¹,Small Blue Diamond
ğŸ”¶,Large Orange Diamond
ğŸ”·,Large Blue Diamond
â–ªï¸,Black Small Square
â–«ï¸,White Small Square
â¬›,Black Large Square
â¬œ,White Large Square
â—¼ï¸,Black Medium Square
â—»ï¸,White Medium Square
â—¾ï¸,Black Medium Small Square
â—½,White Medium Small Square
ğŸ”²,Black Square Button
ğŸ”³,White Square Button
ğŸ•,Clock Face One Oâ€™Clock
ğŸ•œ,Clock Face One-Thirty
ğŸ•‘,Clock Face Two Oâ€™Clock
ğŸ•,Clock Face Two-Thirty
ğŸ•’,Clock Face Three Oâ€™Clock
ğŸ•,Clock Face Three-Thirty
ğŸ•“,Clock Face Four Oâ€™Clock
ğŸ•Ÿ,Clock Face Four-Thirty
ğŸ•”,Clock Face Five Oâ€™Clock
ğŸ• ,Clock Face Five-Thirty
ğŸ••,Clock Face Six Oâ€™Clock
ğŸ•¡,Clock Face Six-Thirty
ğŸ•–,Clock Face Seven Oâ€™Clock
ğŸ•¢,Clock Face Seven-Thirty
ğŸ•—,Clock Face Eight Oâ€™Clock
ğŸ•£,Clock Face Eight-Thirty
ğŸ•˜,Clock Face Nine Oâ€™Clock
ğŸ•¤,Clock Face Nine-Thirty
ğŸ•™,Clock Face Ten Oâ€™Clock
ğŸ•¥,Clock Face Ten-Thirty
ğŸ•š,Clock Face Eleven Oâ€™Clock
ğŸ•¦,Clock Face Eleven-Thirty
ğŸ•›,Clock Face Twelve Oâ€™Clock
ğŸ•§,Clock Face Twelve-Thirty
